{
    "gene_expr_PCA": {
        "information_content": {
            "PC1": 0.4714913882085314,
            "PC2": 0.2809262224044988,
            "PC3": 0.24758238938696972,
            "PC4": 2.234942058435764e-32
        },
        "conditions": {
            "P633L": {
                "PC1": 87.2620796384679,
                "PC2": -10.399606987034682,
                "PC3": -42.56486454123687,
                "PC4": 1.3330425464561425e-14
            },
            "R634Q": {
                "PC1": 26.915404553382878,
                "PC2": 4.763331096463646,
                "PC3": 74.19690066592084,
                "PC4": 1.3330425464561417e-14
            },
            "WTNC": {
                "PC1": -48.78351430581084,
                "PC2": 69.10483580306105,
                "PC3": -21.148451630805656,
                "PC4": 1.3330425464561425e-14
            },
            "WT": {
                "PC1": -65.39396988604,
                "PC2": -63.46855991249002,
                "PC3": -10.483584493878286,
                "PC4": 1.3330425464561415e-14
            }
        }
    },
    "transcript_expr_PCA": {
        "information_content": {
            "PC1": 0.3836830683037484,
            "PC2": 0.31539598607395825,
            "PC3": 0.30092094562229343,
            "PC4": 4.060104927995385e-32
        },
        "conditions": {
            "P633L": {
                "PC1": 165.07411417132374,
                "PC2": -13.294501165764034,
                "PC3": -87.12627353019583,
                "PC4": 3.619606690256319e-14
            },
            "R634Q": {
                "PC1": 33.06557856885067,
                "PC2": -31.914885261775982,
                "PC3": 165.23300164354504,
                "PC4": 3.619606690256318e-14
            },
            "WTNC": {
                "PC1": -71.2147647039957,
                "PC2": 161.33609615734684,
                "PC3": -17.85891764419924,
                "PC4": 3.61960669025632e-14
            },
            "WT": {
                "PC1": -126.92492803617857,
                "PC2": -116.12670972980673,
                "PC3": -60.24781046914989,
                "PC4": 3.6196066902563215e-14
            }
        }
    },
    "relative_transcript_expr_PCA": {
        "information_content": {
            "PC1": 0.35208816325393716,
            "PC2": 0.32936888729674485,
            "PC3": 0.318542949449318,
            "PC4": 6.421164754945425e-32
        },
        "conditions": {
            "P633L": {
                "PC1": 164.74975391093903,
                "PC2": 3.2629988176748146,
                "PC3": 70.19794269749538,
                "PC4": 4.451773006304739e-14
            },
            "R634Q": {
                "PC1": -9.382260945085138,
                "PC2": -130.03543003849248,
                "PC3": -114.28674485425451,
                "PC4": 4.4517730063047456e-14
            },
            "WTNC": {
                "PC1": -32.03640749545628,
                "PC2": 152.00641777873125,
                "PC3": -78.86376489708485,
                "PC4": 4.451773006304743e-14
            },
            "WT": {
                "PC1": -123.33108547039747,
                "PC2": -25.233986557913514,
                "PC3": 122.95256705384406,
                "PC4": 4.451773006304741e-14
            }
        }
    },
    "EWDF_PCA": {
        "information_content": {
            "PC1": 0.3519799202747448,
            "PC2": 0.3307293920647423,
            "PC3": 0.31729068766051305,
            "PC4": 3.9350519737208214e-32
        },
        "conditions": {
            "P633L": {
                "PC1": 194.1412369868741,
                "PC2": -72.61564507484432,
                "PC3": 37.51268212758356,
                "PC4": 4.0888696874255664e-14
            },
            "R634Q": {
                "PC1": 14.31010711682338,
                "PC2": 166.5687916267238,
                "PC3": -116.7896090673994,
                "PC4": 4.088869687425568e-14
            },
            "WTNC": {
                "PC1": -114.14290445420494,
                "PC2": -143.8657047497449,
                "PC3": -94.0280770469642,
                "PC4": 4.0888696874255664e-14
            },
            "WT": {
                "PC1": -94.30843964949254,
                "PC2": 49.912558197865316,
                "PC3": 173.30500398678012,
                "PC4": 4.088869687425565e-14
            }
        }
    }
}