{
    "gene_expr_PCA": {
        "information_content": {
            "PC1": 0.5001766223427796,
            "PC2": 0.3599633177945148,
            "PC3": 0.13986005986270555,
            "PC4": 8.418435166060928e-33
        },
        "conditions": {
            "embryo_ED": {
                "PC1": 109.14617911920348,
                "PC2": -48.52153353596671,
                "PC3": -15.515108532832214,
                "PC4": 9.487798861205347e-15
            },
            "H1": {
                "PC1": -13.470082237400419,
                "PC2": 88.34830704211747,
                "PC3": -37.45821941005311,
                "PC4": 9.487798861205354e-15
            },
            "H1_mix": {
                "PC1": 0.7534384769408836,
                "PC2": 27.222069704148343,
                "PC3": 64.79574220114014,
                "PC4": 9.48779886120535e-15
            },
            "WTC11": {
                "PC1": -96.42953535874392,
                "PC2": -67.04884321029913,
                "PC3": -11.82241425825482,
                "PC4": 9.487798861205346e-15
            }
        }
    },
    "transcript_expr_PCA": {
        "information_content": {
            "PC1": 0.42801291465515773,
            "PC2": 0.3340472235907875,
            "PC3": 0.23793986175405482,
            "PC4": 1.657859859905835e-32
        },
        "conditions": {
            "embryo_ED": {
                "PC1": 158.2341255759331,
                "PC2": -84.78350421668671,
                "PC3": -23.148401462317505,
                "PC4": 2.1322169434229175e-14
            },
            "H1": {
                "PC1": -12.506992128144697,
                "PC2": 124.90759823634775,
                "PC3": -91.51485295493568,
                "PC4": 2.1322169434229187e-14
            },
            "H1_mix": {
                "PC1": 1.7585833859261415,
                "PC2": 60.70671522297061,
                "PC3": 130.18576764389556,
                "PC4": 2.132216943422918e-14
            },
            "WTC11": {
                "PC1": -147.48571683371452,
                "PC2": -100.83080924263167,
                "PC3": -15.522513226642392,
                "PC4": 2.1322169434229187e-14
            }
        }
    },
    "relative_transcript_expr_PCA": {
        "information_content": {
            "PC1": 0.3749652960832704,
            "PC2": 0.32556192762621794,
            "PC3": 0.29947277629051156,
            "PC4": 6.845094220440981e-32
        },
        "conditions": {
            "embryo_ED": {
                "PC1": -95.43336706669234,
                "PC2": 121.87964120311605,
                "PC3": -24.815416767777737,
                "PC4": 4.0524147793951127e-14
            },
            "H1": {
                "PC1": -29.85200132736658,
                "PC2": -106.88022959833391,
                "PC3": -101.65758975969695,
                "PC4": 4.052414779395116e-14
            },
            "H1_mix": {
                "PC1": -32.58411973333018,
                "PC2": -56.75264089099608,
                "PC3": 133.20372540662356,
                "PC4": 4.052414779395116e-14
            },
            "WTC11": {
                "PC1": 157.86948812738902,
                "PC2": 41.75322928621403,
                "PC3": -6.73071887914889,
                "PC4": 4.052414779395116e-14
            }
        }
    },
    "EWDF_PCA": {
        "information_content": {
            "PC1": 0.3763770632525393,
            "PC2": 0.3340630327534349,
            "PC3": 0.28955990399402587,
            "PC4": 9.739240566819758e-32
        },
        "conditions": {
            "embryo_ED": {
                "PC1": -130.20328781932335,
                "PC2": -161.95888336145774,
                "PC3": -64.64357676351545,
                "PC4": 6.693172548146178e-14
            },
            "H1": {
                "PC1": -47.131374467455814,
                "PC2": 177.00440159320303,
                "PC3": -105.31753822909877,
                "PC4": 6.693172548146174e-14
            },
            "H1_mix": {
                "PC1": -42.390508720589885,
                "PC2": 36.011730831069926,
                "PC3": 193.5225762620465,
                "PC4": 6.693172548146167e-14
            },
            "WTC11": {
                "PC1": 219.72517100736923,
                "PC2": -51.05724906281511,
                "PC3": -23.56146126943207,
                "PC4": 6.693172548146169e-14
            }
        }
    }
}