{
    "gene_expr_PCA": {
        "information_content": {
            "PC1": 0.5106256710331187,
            "PC2": 0.15364565245554665,
            "PC3": 0.09681226683876229,
            "PC4": 0.09135691827500539,
            "PC5": 0.05416651043970759,
            "PC6": 0.05024078789097416,
            "PC7": 0.0431521930668852,
            "PC8": 4.387972715832601e-33
        },
        "conditions": {
            "embryo_ED": {
                "PC1": -98.50395126019012,
                "PC2": 117.29398948072682,
                "PC3": 36.73045802110563,
                "PC4": 6.347441570977119,
                "PC5": 3.8700115103065573,
                "PC6": -1.7819542404540096,
                "PC7": -12.4874488646214,
                "PC8": 8.918071847348272e-15
            },
            "H1": {
                "PC1": -96.65377602363641,
                "PC2": -28.332232288151157,
                "PC3": -72.94683329326911,
                "PC4": -13.474976723775365,
                "PC5": 9.842769489642636,
                "PC6": -2.4695145741635414,
                "PC7": -43.81767700237356,
                "PC8": 8.918071847348277e-15
            },
            "H1_mix": {
                "PC1": -101.44055216357742,
                "PC2": -6.374477567976689,
                "PC3": -35.56389791081196,
                "PC4": -3.137956552047265,
                "PC5": -16.020462496814197,
                "PC6": 2.8143022674111453,
                "PC7": 61.75951761049181,
                "PC8": 8.918071847348266e-15
            },
            "P633L": {
                "PC1": 101.8373934229488,
                "PC2": 3.176112452156855,
                "PC3": -17.177216387357902,
                "PC4": 86.51829179622798,
                "PC5": -31.124317222150495,
                "PC6": 10.716184384577032,
                "PC7": -7.620353517282802,
                "PC8": 8.91807184734827e-15
            },
            "R634Q": {
                "PC1": 94.19002008698368,
                "PC2": -1.1036825440020421,
                "PC3": -3.541430171476603,
                "PC4": 11.252579475041193,
                "PC5": 70.68313021690315,
                "PC6": -22.813999829257263,
                "PC7": 15.238886451925739,
                "PC8": 8.918071847348279e-15
            },
            "WTC11": {
                "PC1": -87.80042433083746,
                "PC2": -87.52228635153396,
                "PC3": 75.12434655306997,
                "PC4": 14.42485870738305,
                "PC5": 0.9565847195625753,
                "PC6": 0.35126995393108007,
                "PC7": -7.576104049332014,
                "PC8": 8.918071847348272e-15
            },
            "WTNC": {
                "PC1": 96.65092894518759,
                "PC2": 0.472982517019984,
                "PC3": 9.143899562261947,
                "PC4": -50.81896824720903,
                "PC5": -38.97813584934461,
                "PC6": -50.615557686274656,
                "PC7": -4.181320479911003,
                "PC8": 8.918071847348272e-15
            },
            "WT": {
                "PC1": 91.72036132312124,
                "PC2": 2.3895943017601726,
                "PC3": 8.230673626478046,
                "PC4": -51.11127002659777,
                "PC5": 0.7704196318942957,
                "PC6": 63.79926972423022,
                "PC7": -1.3155001488967215,
                "PC8": 8.91807184734827e-15
            }
        }
    },
    "transcript_expr_PCA": {
        "information_content": {
            "PC1": 0.42598395844897385,
            "PC2": 0.12427562194398584,
            "PC3": 0.10624355288642748,
            "PC4": 0.10239164851073218,
            "PC5": 0.10228314971267109,
            "PC6": 0.08013496534591698,
            "PC7": 0.05868710315129252,
            "PC8": 7.859163497166651e-32
        },
        "conditions": {
            "embryo_ED": {
                "PC1": 162.34446612190445,
                "PC2": -1.907421380562365,
                "PC3": 167.9957683867753,
                "PC4": 19.787507766312128,
                "PC5": 18.774029914279787,
                "PC6": 74.36032371329829,
                "PC7": -16.721394321902967,
                "PC8": 6.772914106960341e-14
            },
            "H1": {
                "PC1": 150.3459996762355,
                "PC2": 1.2497439664888736,
                "PC3": -29.932666252781388,
                "PC4": -5.614002937290532,
                "PC5": -3.962206922185924,
                "PC6": -105.55699477186303,
                "PC7": -110.36860034963269,
                "PC8": 6.772914106960337e-14
            },
            "H1_mix": {
                "PC1": 168.85497651360996,
                "PC2": 1.8038410256474873,
                "PC3": -5.868930593276266,
                "PC4": -2.4840760138832403,
                "PC5": -4.116667164756436,
                "PC6": -83.37493375688037,
                "PC7": 122.16956052181638,
                "PC8": 6.772914106960318e-14
            },
            "P633L": {
                "PC1": -162.97260993225103,
                "PC2": 188.208171563495,
                "PC3": 14.141285826502575,
                "PC4": -10.006346822287327,
                "PC5": -77.23464606758742,
                "PC6": 0.6455937735934951,
                "PC7": 0.7696450419976526,
                "PC8": 6.772914106960328e-14
            },
            "R634Q": {
                "PC1": -153.81309831071678,
                "PC2": 11.46936765247851,
                "PC3": -13.325445027707453,
                "PC4": -50.331191742512566,
                "PC5": 182.4319797773859,
                "PC6": -1.5157911527330392,
                "PC7": 2.999189611143914,
                "PC8": 6.77291410696033e-14
            },
            "WTC11": {
                "PC1": 148.57789698869496,
                "PC2": 1.5084193864718296,
                "PC3": -138.01672243110642,
                "PC4": -17.109224444416892,
                "PC5": -15.847551624901584,
                "PC6": 117.42682714915064,
                "PC7": -1.8191038183481343,
                "PC8": 6.772914106960343e-14
            },
            "WTNC": {
                "PC1": -151.43253299615398,
                "PC2": -69.5747597110533,
                "PC3": -20.05889012416451,
                "PC4": 178.29846955835467,
                "PC5": -12.120388961384307,
                "PC6": -1.9091588145401517,
                "PC7": 1.6387057721858322,
                "PC8": 6.772914106960337e-14
            },
            "WT": {
                "PC1": -161.9050980613233,
                "PC2": -132.75736250296595,
                "PC3": 25.065600215758128,
                "PC4": -112.54113536427634,
                "PC5": -87.92454895084997,
                "PC6": -0.07586614002619596,
                "PC7": 1.3319975427403654,
                "PC8": 6.772914106960333e-14
            }
        }
    },
    "relative_transcript_expr_PCA": {
        "information_content": {
            "PC1": 0.4349070347245863,
            "PC2": 0.11876644187449227,
            "PC3": 0.1079595475943921,
            "PC4": 0.1048095836724522,
            "PC5": 0.08979748638867609,
            "PC6": 0.07561777223197416,
            "PC7": 0.06814213351342692,
            "PC8": 3.8592828041929645e-32
        },
        "conditions": {
            "embryo_ED": {
                "PC1": 152.99977492853878,
                "PC2": -3.5250018849679035,
                "PC3": -1.099701854855725,
                "PC4": 1.3434929132484743,
                "PC5": -107.05010725680224,
                "PC6": 128.32570496935756,
                "PC7": 13.851569431573493,